0|1|1|2|3|3|2|q|house-2023-11-4--16-15-03.jpg
1|1|3|2|2|2|2|a|apartment-2023-11-4--16-35-24.jpg
2|1|44|5|4|4|3|LjYWVAuuDmCN|
3|1|96|5|1|3|2|LVv|
4|1|93|1|1|4|2|YCfYXrhAHm|
5|1|100|1|2|5|5|LCNupjMpjzup|
6|1|57|5|4|5|5|tVBExVrfNMEQWMkV|
7|1|40|4|5|1|1|hsYqfsVqMVwGpOIXP|
8|1|67|3|3|1|3|LA|
9|1|92|4|2|1|2|bKJfNzjexUywTgqICpZI|
10|1|97|5|4|1|2|ymcHBZOABb|
11|1|62|1|2|2|5|fkNFgHWifMpEsRqf|
12|1|105|5|5|1|3|" FuHtHdPPThpfzXMpnkk"|
13|1|71|2|1|3|2|zWCjxIuJ|
14|1|6|1|5|3|4|xT|
15|1|34|4|4|3|5|IcpDBIVmCw|
16|1|99|3|3|3|5|HhVKacfUNrMo|
17|1|64|5|2|5|4|qOBRrY TelgpK|
18|1|104|3|3|4|2|mwCIDidHpZOkUkImK p|
19|1|18|2|2|1|2|DKefKbebjZwwleiIefmh|
20|1|48|3|3|4|2|WZ DfyeX|
21|1|73|4|5|5|2|CEUzJjNOhnkvsX|
22|1|53|4|5|3|4|WZgfj VEpijYMZkklDME|
23|1|16|3|1|1|4|ZoxPmt|
24|1|95|5|1|1|3|qUPyTe|
25|1|69|4|5|5|4|pvDfhV YJeuR|
26|1|20|1|3|1|3|DmgQlPNMYJGZsWweiccz|
27|1|106|3|3|1|2|LqGUiEUg ynQg|
28|1|51|2|3|5|4|NqXtNkeJrURGyVKp|
29|1|105|2|1|4|2|uCfqAxeEystXnVVucW|
30|1|25|2|2|1|1|WEapZ|
31|1|65|4|2|2|3|VRiBDdwuT|
32|1|88|2|2|3|4|KrRULCtXpICWGh|
33|1|75|4|4|5|1|NgpDVbmTDNfVYcVe|
34|1|86|4|2|2|5|QIax|
35|1|47|2|3|4|2|" zbwPUzJNXwaIVa"|
36|1|81|2|1|1|2|ayjFLUnze PXqrpbZMmV|
37|1|58|2|5|5|2|ZPoOkJLKNTU|
38|1|4|5|5|4|3|kjKiPGM|
39|1|56|5|2|5|1|ZvJOUPPFTuedrInr|
40|1|103|2|4|1|4|uKdAMM|
41|1|48|2|2|3|5|WZdBqFHWkAbvWPAHkx|
42|1|12|1|3|3|3|bhMZXuLdXbP|
43|1|93|4|5|3|1|rjLVgTSZMX|
44|1|57|3|4|2|3|oW|
45|1|27|4|4|2|2|wjDJJPVeKtn|
46|1|55|1|4|3|1|PdlPnDeNYGUC|
47|1|31|4|1|5|3|aIEOrGLQybdmkjBcf|
48|1|19|5|4|3|1|tWtWjbkYwvvrodXnALJ|
49|1|62|4|3|5|3|lzvPtzXGpwmJWUJUE|
50|1|59|4|3|3|2|BmNdRyT|
51|1|40|3|1|5|2|Qc|
52|1|105|5|2|4|3|Lmp|
53|1|28|4|4|4|2|DbsEexZTEMlWLI|
54|1|51|3|4|4|5|eSCIOGTXrPi|
55|1|76|2|4|1|3|bgru ArVapwIxmodThSO|
56|1|66|2|4|5|4|bHKhegGQtoSLLeqFR|
57|1|11|4|4|5|2|rtMxlPnxvtcvBAyD|
58|1|53|4|1|3|2|ribXII|
59|1|103|3|2|3|5|DtxqeyyMktWvReCBcIr|
60|1|86|2|5|4|4|TONCQECcJGKulKaYN|
61|1|20|2|1|5|4|PBJg PCmlAWeMruGHEex|
62|1|98|3|4|3|4|ZcVNUcmGHK|
63|1|6|5|5|5|5|zzG|
64|1|52|3|3|2|5|ygYDJsmRqq|
65|1|66|4|3|1|4|WFFdCfKI|
66|1|87|1|4|1|5|ZlrkTSIoI|
67|1|107|2|1|2|1|xLsRXJgoMmnif|
68|1|69|1|4|3|1|XsVongqFxPUuQcf|
69|1|9|5|2|1|4|rjWcRaSONLSQGvQDghc|
70|1|24|2|3|3|3|RWgn|
71|1|54|5|1|2|5|XDvixp|
72|1|96|5|4|1|5|oqhOqJfC|
73|1|67|1|2|4|4|"sPQRhHIZRNZFR "|
74|1|34|5|4|4|2|AGPxOTDY|
75|1|47|1|4|2|5|PYElJyLJZt|
76|1|22|3|1|1|5|ZvWLyfbavZISGZg|
77|1|90|4|5|1|1|pR|
78|1|80|3|1|2|2|gxJ|
79|1|2|5|4|5|4|xYoBEoCGruylEowHu|
80|1|68|1|1|1|4|pwOROmK|
81|1|27|2|4|4|2|iZDGAIxQbDBetHYFlvr|
82|1|15|1|5|5|5|jUPJdKesTxbpgLf|
83|1|44|2|5|5|4|fvsGICSOzXX|
84|1|11|2|1|5|4|MegQmdBDutJJ|
85|1|80|2|5|3|5|" GyhGb"|
86|1|53|5|2|3|3|YAJDdVDfOGztFcBT|
87|1|62|3|2|1|5|UCbkzLdLQyhuRlDsZOqL|
88|1|22|3|1|1|1|WEoAHTe|
89|1|32|3|1|5|1|PnZSu|
90|1|104|5|3|5|3|cpUSnwpZXcstcsTP|
91|1|28|3|4|2|3|QqjUDcXze|
92|1|60|2|4|2|4|fsvabctTXPCR|
93|1|60|2|1|2|5|ldlGTNgwsMIQoZ|
94|1|86|1|5|2|3|OQyvAyVfgxqvggoJZXh|
95|1|53|1|5|1|1|qNB|
96|1|90|1|1|4|4|aqgEbCwjZRjapUT|
97|1|75|5|1|4|1|TNN|
98|1|33|5|4|3|4|cIyFDrYigenWDY|
99|1|10|3|3|2|5|ekAvAkCjHdYfGMeFuP|
100|1|15|4|1|1|1|BCvxZsiHmt|
101|1|92|2|5|4|3|BFeDj|